{"val_loss": [1.2119468160629272, 0.9115135135650635, 0.8528142406463624, 0.873594938993454, 0.7997574115753174, 0.8119927726745605, 0.7434767643928528, 0.6929711358070374, 0.6159599688529969, 0.696626895904541, 0.6594606039047242, 0.6469596352100372, 0.6333602765083313, 0.5836709976196289, 0.612606788444519, 0.6079202705383301, 0.6081813117980958, 0.6142207397460937, 0.588075540304184, 0.5986406298160553, 0.6050683471679688, 0.6105234182357788, 0.595634737586975, 0.590119958114624, 0.5914378332138062, 0.569100833415985, 0.5975581130027771], "val_acc": [0.5818, 0.6844, 0.7001, 0.7082, 0.7232, 0.721, 0.7391, 0.7602, 0.7895, 0.7661, 0.7765, 0.7872, 0.7916, 0.8114, 0.799, 0.8054, 0.8034, 0.8042, 0.8134, 0.809, 0.8115, 0.8115, 0.823, 0.826, 0.8148, 0.8232, 0.8224], "loss": [1.6847526079940796, 1.1693761919784547, 0.981488037109375, 0.8753168607521057, 0.7980222733688355, 0.7269531568908691, 0.6767553176879882, 0.6370860151672363, 0.5902302842521667, 0.5558818479537964, 0.5208569958114624, 0.4974777882766724, 0.4686032659339905, 0.44844672832489013, 0.4215074605369568, 0.39730152248382566, 0.3782788009929657, 0.36021037700653075, 0.3473213576412201, 0.3276468493795395, 0.31569454129219054, 0.30409978914260866, 0.2807653349208832, 0.27596652660369875, 0.2679347674655914, 0.26382551000595095, 0.25099817714214323], "acc": [0.44046, 0.59926, 0.66106, 0.69492, 0.72216, 0.74848, 0.76472, 0.7766, 0.79296, 0.8045, 0.81586, 0.82396, 0.83576, 0.84204, 0.85028, 0.85878, 0.8662, 0.87072, 0.87654, 0.8829, 0.88592, 0.8924, 0.89764, 0.90204, 0.90332, 0.90552, 0.90872]}